½æ,¯ß,ÁÚ,äô,³Á,,,,,,,,,,,,,,,,,,,,,,,,,,,,,,,,,,,,,,,,,,,,,,
¬Û,¶m,­»,½c,´[,´ð,Á¸,Æ^,æç,ù³,ëR,,,,,,,,,,,,,,,,,,,,,,,,,,,,,,,,,,,,,,,,
Âû,¾÷,¿n,°ò,ÁZ,¿E,´X,¸ñ,¦Ù,ÂÝ,,,,,,,,,,,,,,,,,,,,,,,,,,,,,,,,,,,,,,,,,
¾l,³½,©ó,º®,·ì,§E,¹O,¸·,®T,¤_,´r,«\,´ü,§±,ÁÖ,·M,¶¨,·®,,,,,,,,,,,,,,,,,,,,,,,,,,,,,,,,,
Ä\,ù´,Á÷,Âù,ò],?,÷¹,ø»,,,,,,,,,,,,,,,,,,,,,,,,,,,,,,,,,,,,,,,,,,,
åe,¼h,´¿,èU,,,,,,,,,,,,,,,,,,,,,,,,,,,,,,,,,,,,,,,,,,,,,,,
¤û,,,,,,,,,,,,,,,,,,,,,,,,,,,,,,,,,,,,,,,,,,,,,,,,,,
§Ä,¯Å,¤Î,Í¿,ÓD,§£,¨V,¥ù,Êß,­²,Îc,ÑK,§Y,ßé,Ük,¦Y,Õ¸,¦N,®A,ÉP,«E,Ýû,öÀ,ÎA,¶ú,«æ,ã°,·¥,¯e,½C,î½,·ª,ÂÇ,éï,Äy,´Æ,çú,¿è,îD,±I,·a,Ôz,´¥,ã¡,âj,÷¬,Øw,ôß,À»,¶°,éO
Éà,µø,¥«,à°,¤h,¬U,Ûê,¥@,¥Ü,¤ó,¥K,¯ç,¨Ï,ÑÞ,¨Í,¸ý,¨Æ,¦¡,«î,«ø,©l,·I,¸Õ,»},³u,¶Ý,¶Õ,ë¨,«Ç,¬O,Ô°,æú,?,Øö,öK,ë¬,éõ,¼],äæ,¾A,¸b,¹¢,ðf,¾½,ÃÑ,ÄÀ,,,,,
³ù,«O,Ø¿,½È,èé,¸¶,¹¡,Ä_,,,,,,,,,,,,,,,,,,,,,,,,,,,,,,,,,,,,,,,,,,,
